L,p,xi,decoder,errors,shots,errors_per_million,max_elapsed_s
3,0.005,0.0,circuit_mwpm,2257,5000000,451.4,0.04946004203520715
3,0.005,0.0,pre_hybrid_data_only,2257,5000000,451.4,0.05235258396714926
3,0.005,0.0,hybrid,2257,5000000,451.4,0.019704625010490417
3,0.005,2.0,circuit_mwpm,9673,5000000,1934.6,0.05293545895256102
3,0.005,2.0,pre_hybrid_data_only,9673,5000000,1934.6,0.05249474989250302
3,0.005,2.0,hybrid,9673,5000000,1934.6,0.019309625029563904
3,0.005,5.0,circuit_mwpm,20434,5000000,4086.8,0.05573962489143014
3,0.005,5.0,pre_hybrid_data_only,20434,5000000,4086.8,0.05967237497679889
3,0.005,5.0,hybrid,20218,5000000,4043.6,0.024233957985416055
3,0.005,10.0,circuit_mwpm,23680,5000000,4736.0,0.05559849995188415
3,0.005,10.0,pre_hybrid_data_only,23680,5000000,4736.0,0.0596066671423614
3,0.005,10.0,hybrid,23349,5000000,4669.8,0.027032959042117
3,0.01,0.0,circuit_mwpm,8691,5000000,1738.2,0.07636124989949167
3,0.01,0.0,pre_hybrid_data_only,8691,5000000,1738.2,0.0812353331129998
3,0.01,0.0,hybrid,8691,5000000,1738.2,0.024751124903559685
3,0.01,2.0,circuit_mwpm,26788,5000000,5357.6,0.06672308407723904
3,0.01,2.0,pre_hybrid_data_only,26788,5000000,5357.6,0.07514554099179804
3,0.01,2.0,hybrid,26788,5000000,5357.6,0.024891375098377466
3,0.01,5.0,circuit_mwpm,44952,5000000,8990.4,0.06747979205101728
3,0.01,5.0,pre_hybrid_data_only,44952,5000000,8990.4,0.06920070899650455
3,0.01,5.0,hybrid,44369,5000000,8873.8,0.023488666163757443
3,0.01,10.0,circuit_mwpm,49130,5000000,9826.0,0.059333625016734004
3,0.01,10.0,pre_hybrid_data_only,49130,5000000,9826.0,0.06585212494246662
3,0.01,10.0,hybrid,48570,5000000,9714.0,0.025439999997615814
5,0.005,0.0,circuit_mwpm,160,5000000,32.0,0.1399237080477178
5,0.005,0.0,pre_hybrid_data_only,159,5000000,31.8,0.13772849994711578
5,0.005,0.0,hybrid,159,5000000,31.8,0.1512169169727713
5,0.005,2.0,circuit_mwpm,2403,5000000,480.6,0.1443637078627944
5,0.005,2.0,pre_hybrid_data_only,2396,5000000,479.2,0.1428023329935968
5,0.005,2.0,hybrid,2396,5000000,479.2,0.1475942910183221
5,0.005,5.0,circuit_mwpm,11152,5000000,2230.4,0.14466554205864668
5,0.005,5.0,pre_hybrid_data_only,11120,5000000,2224.0,0.14069237490184605
5,0.005,5.0,hybrid,11120,5000000,2224.0,0.1272963338997215
5,0.005,10.0,circuit_mwpm,17523,5000000,3504.6,0.1499535411130637
5,0.005,10.0,pre_hybrid_data_only,17473,5000000,3494.6,0.1318005002103746
5,0.005,10.0,hybrid,17473,5000000,3494.6,0.13630408281460404
5,0.01,0.0,circuit_mwpm,1364,5000000,272.8,0.21092412481084466
5,0.01,0.0,pre_hybrid_data_only,1353,5000000,270.6,0.2052960000000894
5,0.01,0.0,hybrid,1353,5000000,270.6,0.20219212514348328
5,0.01,2.0,circuit_mwpm,9697,5000000,1939.4,0.2143226668704301
5,0.01,2.0,pre_hybrid_data_only,9668,5000000,1933.6,0.2112605411093682
5,0.01,2.0,hybrid,9668,5000000,1933.6,0.1887277909554541
5,0.01,5.0,circuit_mwpm,28406,5000000,5681.2,0.1982667080592364
5,0.01,5.0,pre_hybrid_data_only,28319,5000000,5663.8,0.18995395908132195
5,0.01,5.0,hybrid,28319,5000000,5663.8,0.1758696660399437
5,0.01,10.0,circuit_mwpm,38519,5000000,7703.8,0.20976904197596014
5,0.01,10.0,pre_hybrid_data_only,38401,5000000,7680.2,0.31391274998895824
5,0.01,10.0,hybrid,38401,5000000,7680.2,0.1590037909336388
7,0.005,0.0,circuit_mwpm,38,5000000,7.6,0.2504827920347452
7,0.005,0.0,pre_hybrid_data_only,25,5000000,5.0,0.2521417080424726
7,0.005,0.0,hybrid,25,5000000,5.0,0.25880579208023846
7,0.005,2.0,circuit_mwpm,589,5000000,117.8,0.2732889580074698
7,0.005,2.0,pre_hybrid_data_only,527,5000000,105.4,0.25199566688388586
7,0.005,2.0,hybrid,527,5000000,105.4,0.2808802090585232
7,0.005,5.0,circuit_mwpm,5796,5000000,1159.2,0.260105499997735
7,0.005,5.0,pre_hybrid_data_only,5549,5000000,1109.8,0.22132541611790657
7,0.005,5.0,hybrid,5549,5000000,1109.8,0.1953426671680063
7,0.005,10.0,circuit_mwpm,12099,5000000,2419.8,0.21421237499453127
7,0.005,10.0,pre_hybrid_data_only,11804,5000000,2360.8,0.16910962504334748
7,0.005,10.0,hybrid,11804,5000000,2360.8,0.1676433749962598
7,0.01,0.0,circuit_mwpm,307,5000000,61.4,0.3417232499923557
7,0.01,0.0,pre_hybrid_data_only,220,5000000,44.0,0.2573589999228716
7,0.01,0.0,hybrid,220,5000000,44.0,0.251826916821301
7,0.01,2.0,circuit_mwpm,3745,5000000,749.0,0.4701582919806242
7,0.01,2.0,pre_hybrid_data_only,3309,5000000,661.8,0.3237808330450207
7,0.01,2.0,hybrid,3309,5000000,661.8,0.3112855840008706
7,0.01,5.0,circuit_mwpm,17353,5000000,3470.6,0.43500608298927546
7,0.01,5.0,pre_hybrid_data_only,16267,5000000,3253.4,0.3160186249297112
7,0.01,5.0,hybrid,16267,5000000,3253.4,0.3104427501093596
7,0.01,10.0,circuit_mwpm,29527,5000000,5905.4,0.3758731249254197
7,0.01,10.0,pre_hybrid_data_only,28487,5000000,5697.4,0.279805334052071
7,0.01,10.0,hybrid,28487,5000000,5697.4,0.27455458301119506
